{
  "openapi": "3.0.0",
  "info": {
    "title": "Rental Management API",
    "description": "API für das Mieterverwaltungssystem",
    "version": "1.0.0"
  },
  "paths": {
    "/api/auth/login": {
      "post": {
        "summary": "Benutzeranmeldung",
        "description": "Anmeldung und Erhalt eines JWT Tokens",
        "requestBody": {
          "required": true,
          "content": {
            "application/json": {
              "schema": {
                "type": "object",
                "properties": {
                  "username": {"type": "string"},
                  "password": {"type": "string"}
                }
              }
            }
          }
        },
        "responses": {
          "200": {
            "description": "Erfolgreiche Anmeldung",
            "content": {
              "application/json": {
                "schema": {
                  "type": "object",
                  "properties": {
                    "access_token": {"type": "string"},
                    "user": {
                      "type": "object",
                      "properties": {
                        "id": {"type": "integer"},
                        "username": {"type": "string"}
                      }
                    }
                  }
                }
              }
            }
          }
        }
      }
    },
    "/api/apartments": {
      "get": {
        "summary": "Alle Wohnungen abrufen",
        "description": "Gibt eine Liste aller Wohnungen zurück",
        "responses": {
          "200": {
            "description": "Liste der Wohnungen"
          }
        }
      },
      "post": {
        "summary": "Neue Wohnung anlegen",
        "description": "Erstellt eine neue Wohnung",
        "requestBody": {
          "required": true,
          "content": {
            "application/json": {
              "schema": {
                "type": "object",
                "properties": {
                  "number": {"type": "string"},
                  "street": {"type": "string"},
                  "area": {"type": "number"},
                  "base_rent": {"type": "number"},
                  "additional_costs": {"type": "number"}
                }
              }
            }
          }
        },
        "responses": {
          "201": {
            "description": "Wohnung erfolgreich angelegt"
          }
        }
      }
    },
    "/api/tenants": {
      "get": {
        "summary": "Alle Mieter abrufen",
        "description": "Gibt eine Liste aller Mieter zurück",
        "responses": {
          "200": {
            "description": "Liste der Mieter"
          }
        }
      },
      "post": {
        "summary": "Neuen Mieter anlegen",
        "description": "Erstellt einen neuen Mieter",
        "requestBody": {
          "required": true,
          "content": {
            "application/json": {
              "schema": {
                "type": "object",
                "properties": {
                  "first_name": {"type": "string"},
                  "last_name": {"type": "string"},
                  "email": {"type": "string"},
                  "phone": {"type": "string"},
                  "move_in_date": {"type": "string", "format": "date"},
                  "rent": {"type": "number"},
                  "person_count": {"type": "number"},
                  "apartment_id": {"type": "integer"}
                }
              }
            }
          }
        },
        "responses": {
          "201": {
            "description": "Mieter erfolgreich angelegt"
          }
        }
      }
    }
  }
}